LA Carseldine,0
Robin Peterson,0
Arindam Ghosh,0
GR Napier,0
Sreenath Aravind,0
Vikramjeet Malik,0
Abhinav Mukund,0
LPC Silva,0
Mohammad Hafeez,0
Joginder Sharma,0
Sean Abbott,0
RS Sodhi,0
Colin Munro,0
Adrian Barath,0
J Arunkumar,0
Brad Haddin,0
Asad Pathan,0
Rahul Shukla,0
Darren Lehmann,0
Harshal Patel,0
Amit Yadav,0
Juan Theron,0
P Parameswaran,0
Abhimanyu Mithun,0
Doug Bollinger,0
Ishank Jaggi,0
SS Shaikh,0
Sumit Narwal,0
Doug Bracewell,0
VS Yeligati,0
Rahul Tewatia,0
Damien Martyn,0
Ankeet Chavan,0
Siddharth Trivedi,0
Mashrafe Mortaza,0
Nic Maddinson,0
Kevon Cooper,0
Anustup Majumdar,0
Lakshmipathy Balaji,0
MA Khote,0
Bodapati Sumanth,0
DT Patil,0
Raiphi Gomez,0
Tim Southee,0
Bhargav Bhatt,0
SB Bangar,0
I Malhotra,0
Luke Wright,0
Ben Dunk,0
S Sriram,0
Sachin Rana,0
Vijay Zol,0
Jagadeesha Suchith,0
Parveez Rasool,0
Sunil Narine,0
RR Raje,0
Kyle Abbott,0
Sam Billings,0
Sunny Singh,0
Nikhil Naik,0
Ankit Sharma,0
WA Mota,0
Mahesh Rawat,0
Pradeep Sahu,0
Aakash Chopra,0
Ben Cutting,0
Balachandra Akhil,0
Amit Paunikar,0
Mitchell McClenaghan,0
KC Cariappa,0
Ashish Nehra,0
Nathan McCullum,0
Umesh Yadav,0
Ishant Sharma,0
Shoaib Malik,0
Carlos Brathwaite,0
Sohail Tanvir,0
DNT Zoysa,0
C Madan,0
Krishnakant Upadhyay,0
Colin Ingram,0
Anirudh Singh,0
Umar Gul,0
Nathan Coulter0Nile,0
Shadab Jakati,0
Luke Ronchi,0
Kane Richardson,0
Farhaan Behardien,0
Munaf Patel,0
Tatenda Taibu,0
Aditya Dole,0
Jimmy Neesham,0
Shaun Tait,0
RP Singh,0
Travis Birt,0
Alfonso Thomas,0
Manpreet Gony,0
Shardul Thakur,0
Iqbal Abdulla,0
Charl Langeveldt,0
Eklavya Dwivedi,0
DP Vijaykumar,0
Ronit More,0
Ashley Noffke,0
Barinder Sran,0
Richard Levi,0
Anil Kumble,0
JM Kemp,0
Jason Holder,0
Travis Head,0
Y Gnaneswara Rao,0
Ishan Kishan,0
Kemar Roach,0
R Bishnoi,0
Shalabh Srivastava,0
VRV Singh,0
Michael Klinger,0
Mohit Sharma,0
Shivnarine Chanderpaul,0
Varun Aaron,0
Wayne Parnell,0
Andrew Flintoff,0
Dinesh Salunkhe,0
Dominic Thornely,0
Ravi Rampaul,0
Martin Guptill,0
JJ van der Wath,0
Yuzvendra Chahal,0
Azhar Bilakhia,0
Nathan Rimmington,0
Rilee Rossouw,0
Ramesh Powar,0
Ramnaresh Sarwan,0
Shahid Afridi,0
Chris Gayle,1
David Warner,1
AB de Villiers,1
Ajinkya Rahane,1
Jacques Kallis,1
Robin Uthappa,1
Shikhar Dhawan,1
MS Dhoni,1
Kevin Pietersen,2
Matthew Hayden,2
Andrew Symonds,2
Herschelle Gibbs,2
Graeme Smith,2
Eoin Morgan,2
Lendl Simmons,2
Manvinder Bisla,2
Mandeep Singh,2
Karun Nair,2
Mayank Agarwal,2
Cameron White,2
Sanju Samson,2
Manoj Tiwary,3
Ravindra Jadeja,3
Naman Ojha,3
Kieron Pollard,3
Kumar Sangakkara,3
Dwayne Smith,3
Sourav Ganguly,3
Subramaniam Badrinath,3
Saurabh Tiwary,4
Brad Hodge,4
Francois du Plessis,4
Tillakaratne Dilshan,4
Wriddhiman Saha,4
Aaron Finch,4
Dwayne Bravo,4
Irfan Pathan,4
Steve Smith,4
David Hussey,4
David Miller,4
Yusuf Pathan,5
Rahul Dravid,5
Brendon McCullum,5
Sachin Tendulkar,5
Virender Sehwag,5
Yuvraj Singh,5
Shane Watson,5
Ambati Rayudu,5
Murali Vijay,5
Angelo Mathews,6
Paul Valthaty,6
Mithun Manhas,6
Manan Vohra,6
Tirumalasetti Suman,6
Abhishek Nayar,6
Harbhajan Singh,6
Ravi Bopara,6
Jesse Ryder,6
Sanath Jayasuriya,6
Stuart Binny,6
Moises Henriques,6
George Bailey,6
Piyush Chawla,6
Quinton de Kock,6
Glenn Maxwell,6
Kedar Jadhav,6
Abhishek Jhunjhunwala,7
CM Gautam,7
Misbah0ul0Haq,7
Ryan Harris,7
Nitin Saini,7
Biplap Samantray,7
MF Maharoof,7
Dhawal Kulkarni,7
Roelof van der Merwe,7
Marcus Stoinis,7
Ashish Reddy,7
Shane Warne,7
Bipul Sharma,7
Pawan Negi,7
Manpreet Juneja,7
Abhishek Raut,7
Paul Collingwood,7
Adam Voges,7
Srikkanth Anirudha,7
Pinal Shah,7
Shaun Pollock,7
David Wiese,7
Zaheer Khan,7
Daniel Vettori,7
Ajit Agarkar,7
Chris Lynn,7
Andrew McDonald,7
NK Patel,7
Rob Quiney,7
Jos Buttler,7
Kane Williamson,7
Rishabh Pant,7
Michael Clarke,7
Aiden Blizzard,7
W Jaffer,7
Chris Morris,7
Stephen Fleming,7
Mitchell Johnson,7
Davy Jacobs,7
Hardik Pandya,7
Marlon Samuels,7
Ricky Ponting,7
Kamran Akmal,7
Callum Ferguson,7
Dishant Yagnik,7
Paras Dogra,7
Bhuvneshwar Kumar,7
Mitchell Starc,7
S Vidyut,7
Dale Steyn,7
Michael Lumb,7
Simon Katich,7
Mitchell Marsh,7
Mohnish Mishra,7
Sachin Baby,7
Ryan McLaren,7
Yogesh Takawale,7
Daniel Harris,7
Jacob Oram,7
Krunal Pandya,7
Nitish Rana,7
Siddharth Chitnis,7
Salman Butt,7
Brett Lee,7
Sarfaraz Khan,7
Murali Kartik,7
Scott Styris,7
Usman Khawaja,7
Ben Rohrer,7
Morne Morkel,7
Faiz Fazal,7
Rishi Dhawan,7
Hashim Amla,7
Love Ablish,8
Jaskaran Singh,8
D du Preez,8
Pravin Tambe,8
Sarabjit Ladda,8
C Nanda,8
TP Sudhindra,8
Makhaya Ntini,8
Jasprit Bumrah,8
Raju Bhatkal,8
Suraj Randiv,8
Shahbaz Nadeem,8
Murugan Ashwin,8
Chris Jordan,8
Pat Cummins,8
Dirk Nannes,8
SB Joshi,8
D Kalyankrishna,8
H Das,8
Pradeep Sangwan,8
Karanveer Singh,8
Sudeep Tyagi,8
Jayant Yadav,8
Parvinder Awana,8
SM Harwood,8
T Henderson,8
Kamran Khan,8
Udit Birla,8
Ben Hilfenhaus,8
Shivil Kaushik,8
Ali Murtaza,8
Siddarth Kaul,8
Ankit Rajpoot,8
Chamara Kapugedera,8
Mohammed Shami,8
T Kohli,8
Sachithra Senanayake,8
Glenn McGrath,8
Ishwar Pandey,8
Pankaj Singh,8
Amit Uniyal,8
Jaydev Unadkat,8
Pragyan Ojha,8
Shane Bond,8
Akshdeep Nath,8
Matthew Wade,8
Tim Paine,8
Peter Handscomb,8
Nayan Doshi,8
RS Gavaskar,8
Shanthakumaran Sreesanth,8
T Thushara,8
Adam Zampa,8
Imran Tahir,8
Ryan Ninan,8
Andre Nel,8
Ajit Chandila,8
Sandeep Sharma,8
Clint McKay,8
Beuran Hendricks,8
Shreyas Gopal,8
U Kaul,8
Ben Laughlin,8
Ashok Dinda,8
Sunny Gupta,8
KP Appanna,8
Younis Khan,8
Mohammad Ashraful,8
Shrikant Wagh,8
Muttiah Muralitharan,8
Mohammad Asif,8
YA Abdulla,8
Abdur Razzak,8
Tanmay Srivastava,8
Marchant de Lange,8
C Ganapathy,8
Shoaib Akhtar,8
Parthiv Patel,9
Shaun Marsh,9
Michael Hussey,9
Manish Pandey,9
Adam Gilchrist,9
JP Duminy,9
Suresh Raina,10
Rohit Sharma,10
Virat Kohli,10
Gautam Gambhir,10
James Faulkner,11
Corey Anderson,11
Deepak Hooda,11
Rajat Bhatia,11
Ravichandran Ashwin,11
Andre Russell,11
Cheteshwar Pujara,11
Yogesh Nagar,11
SA Asnodkar,11
Aditya Tare,11
Gurkeerat Mann Singh,11
K Goel,11
Mark Boucher,11
Darren Sammy,11
VVS Laxman,11
Dwaraka Ravi Teja,11
Shakib Al Hasan,11
Mohammad Kaif,11
Ashok Menaria,11
Unmukt Chand,11
Suryakumar Yadav,11
Rajagopal Sathish,11
Azhar Mahmood,11
Karn Sharma,11
Bharat Chipli,11
Dan Christian,11
Axar Patel,11
Shreyas Iyer,11
Shreevats Goswami,11
Amit Mishra,11
Johan Botha,11
Ryan ten Doeschate,11
Laxmi Ratan Shukla,11
Sunny Sohal,11
Debabrata Das,11
James Franklin,11
Praveen Kumar,11
James Hopes,11
Owais Shah,11
Luke Pomersbach,11
